date,n_missing,n_obs
2018-01-04,125,262
2018-02-08,1411,5
2018-02-09,1440,0
2018-02-10,375,212
2018-06-26,600,167
2018-06-27,105,266
2018-07-04,457,195
2018-10-19,210,245
2018-11-14,420,203
2019-03-12,360,215
2019-05-15,600,167
2019-08-15,480,191
2019-11-13,143,259
2019-11-25,120,263
2020-02-19,354,216
2020-03-04,128,261
2020-04-25,150,257
2020-06-28,210,245
2020-12-21,230,241
2021-02-11,79,271
2021-03-06,90,269
2021-04-20,150,257
2021-04-25,284,230
2021-08-13,270,233
2021-09-29,120,263
2023-03-24,80,271
