adam,glm,QLIKE_adam,QLIKE_glm,QLIKE_diff,dm_QLIKE,p_QLIKE,median_abs_rel_diff,max_abs_rel_diff,max_diff_date
"Linear-QLIKE (Adam, 5-seed mean)",Linear-QLIKE-GLM-22,0.286016,0.283249,0.00276718,1.00744,0.313723,0.0396482,0.880431,2021-12-26
Linear-QLIKE seed 0,Linear-QLIKE-GLM-22,0.286933,0.283249,0.00368347,1.50068,0.13344,0.0425997,0.801876,2021-10-27
Linear-QLIKE seed 1,Linear-QLIKE-GLM-22,0.286678,0.283249,0.00342918,0.889688,0.373633,0.0491226,0.933565,2021-12-26
Linear-QLIKE seed 2,Linear-QLIKE-GLM-22,0.287285,0.283249,0.00403552,1.30194,0.192938,0.0492591,1.37107,2021-12-25
Linear-QLIKE seed 3,Linear-QLIKE-GLM-22,0.28988,0.283249,0.006631,2.19669,0.0280428,0.0457219,1.27673,2020-06-24
Linear-QLIKE seed 4,Linear-QLIKE-GLM-22,0.285922,0.283249,0.00267287,0.964628,0.334731,0.041072,0.785689,2022-01-21
"Linear-QLIKE (Adam, 5-seed mean)",Linear-QLIKE-GLM,0.286016,0.282671,0.00334574,1.19075,0.23375,0.0410732,0.889757,2021-12-26
Linear-QLIKE seed 0,Linear-QLIKE-GLM,0.286933,0.282671,0.00426202,1.69571,0.089941,0.0445508,0.80231,2021-10-27
Linear-QLIKE seed 1,Linear-QLIKE-GLM,0.286678,0.282671,0.00400773,1.01865,0.308367,0.0512342,0.943155,2021-12-26
Linear-QLIKE seed 2,Linear-QLIKE-GLM,0.287285,0.282671,0.00461408,1.4903,0.136146,0.0513128,1.37121,2021-12-25
Linear-QLIKE seed 3,Linear-QLIKE-GLM,0.28988,0.282671,0.00720955,2.30116,0.0213824,0.0465459,1.32818,2020-06-24
Linear-QLIKE seed 4,Linear-QLIKE-GLM,0.285922,0.282671,0.00325143,1.14284,0.253106,0.0429654,0.786397,2022-01-21
