date,weekday,rv5,n_obs,n_missing,flag,ret,rv5_rank_in_oos_lowest_first
2023-08-07,Monday,0.000165309,288,0,False,0.00420725,265
2023-08-08,Tuesday,0.000302378,288,0,False,0.0189679,594
2023-08-09,Wednesday,0.000220024,288,0,False,-0.00634955,397
2023-08-10,Thursday,0.000108393,288,0,False,-0.00427659,138
2023-08-11,Friday,6.50183e-05,288,0,False,-0.00100948,59
2023-08-12,Saturday,8.29288e-06,288,0,False,0.000140682,1
2023-08-13,Sunday,1.73182e-05,288,0,False,-0.00430177,3
2023-08-14,Monday,0.000116286,288,0,False,0.0043276,160
2023-08-15,Tuesday,0.000104008,288,0,False,-0.00787745,129
2023-08-16,Wednesday,0.000134433,288,0,False,-0.0162091,201
2023-08-17,Thursday,0.0101963,288,0,False,-0.0761687,2416
