model,forecast,realized_rv5,ratio
Naive,6.50183e-05,8.29288e-06,7.84025
EWMA,0.000138361,8.29288e-06,16.6844
GARCH,0.000676776,8.29288e-06,81.6093
HAR,0.000532337,8.29288e-06,64.1921
HAR-log-OLS,0.000142477,8.29288e-06,17.1806
HAR-log-QLIKE,0.000205699,8.29288e-06,24.8043
HAR-log-QLIKE+dow,0.000120532,8.29288e-06,14.5344
HAR-log-QLIKE+ret,0.00022325,8.29288e-06,26.9207
Linear-QLIKE-GLM,0.000131765,8.29288e-06,15.8889
Linear-QLIKE,0.000144914,8.29288e-06,17.4745
MLP-QLIKE,0.000116797,8.29288e-06,14.084
