origin,seed,n_rows,last_row,best_epoch,epochs_run,val_qlike,n_fit,n_val
2019-12-31,0,674,2019-12-30,153,254,0.391826252880902,607,67
2019-12-31,1,674,2019-12-30,191,292,0.37816310158446276,607,67
2019-12-31,2,674,2019-12-30,199,300,0.3690557010269968,607,67
2019-12-31,3,674,2019-12-30,147,248,0.3866574054646436,607,67
2019-12-31,4,674,2019-12-30,65,166,0.3852771758454875,607,67
2020-01-22,0,696,2020-01-21,49,150,0.3262779182260912,626,70
2020-01-22,1,696,2020-01-21,84,185,0.3286203867249188,626,70
2020-01-22,2,696,2020-01-21,60,161,0.31764597935857913,626,70
2020-01-22,3,696,2020-01-21,88,189,0.3275190998246507,626,70
2020-01-22,4,696,2020-01-21,61,162,0.31026655862384517,626,70
2020-02-13,0,718,2020-02-12,59,160,0.26220341310982676,646,72
2020-02-13,1,718,2020-02-12,77,178,0.26927340504204733,646,72
2020-02-13,2,718,2020-02-12,66,167,0.2604700188209028,646,72
2020-02-13,3,718,2020-02-12,123,224,0.26707175418085605,646,72
2020-02-13,4,718,2020-02-12,64,165,0.2513147277323988,646,72
2020-03-06,0,738,2020-03-05,60,161,0.17229563781719207,664,74
2020-03-06,1,738,2020-03-05,102,203,0.16732471269525234,664,74
2020-03-06,2,738,2020-03-05,105,206,0.1751886916125414,664,74
2020-03-06,3,738,2020-03-05,245,346,0.16893599128577488,664,74
2020-03-06,4,738,2020-03-05,85,186,0.15922015616911414,664,74
2020-03-28,0,760,2020-03-27,43,144,0.6403106384810323,684,76
2020-03-28,1,760,2020-03-27,66,167,0.5419449035921303,684,76
2020-03-28,2,760,2020-03-27,61,162,0.5927665784783336,684,76
2020-03-28,3,760,2020-03-27,46,147,0.5359794402692066,684,76
2020-03-28,4,760,2020-03-27,45,146,0.5525087057013576,684,76
2020-04-19,0,782,2020-04-18,112,213,0.6028848339698404,704,78
2020-04-19,1,782,2020-04-18,66,167,0.5276248913219371,704,78
2020-04-19,2,782,2020-04-18,59,160,0.5814825589523411,704,78
2020-04-19,3,782,2020-04-18,45,146,0.5144524167903427,704,78
2020-04-19,4,782,2020-04-18,44,145,0.5240669121772509,704,78
2020-05-11,0,803,2020-05-10,37,138,0.7124681473437824,723,80
2020-05-11,1,803,2020-05-10,62,163,0.6532780878198907,723,80
2020-05-11,2,803,2020-05-10,58,159,0.6836172168010137,723,80
2020-05-11,3,803,2020-05-10,38,139,0.6251182162052358,723,80
2020-05-11,4,803,2020-05-10,40,141,0.6218134629710629,723,80
2020-06-02,0,825,2020-06-01,36,137,0.708525196923472,743,82
2020-06-02,1,825,2020-06-01,62,163,0.6485879664313112,743,82
2020-06-02,2,825,2020-06-01,58,159,0.6859853956781511,743,82
2020-06-02,3,825,2020-06-01,37,138,0.6219163270864323,743,82
2020-06-02,4,825,2020-06-01,39,140,0.619486670623811,743,82
2020-06-24,0,847,2020-06-23,55,156,0.30488631683706735,762,85
2020-06-24,1,847,2020-06-23,278,379,0.30515349072234776,762,85
2020-06-24,2,847,2020-06-23,257,358,0.2995142104148435,762,85
2020-06-24,3,847,2020-06-23,169,270,0.3063997667142452,762,85
2020-06-24,4,847,2020-06-23,154,255,0.3211717985623265,762,85
2020-07-16,0,868,2020-07-15,60,161,0.34033173259219607,781,87
2020-07-16,1,868,2020-07-15,66,167,0.34598332792825204,781,87
2020-07-16,2,868,2020-07-15,69,170,0.3416348468863062,781,87
2020-07-16,3,868,2020-07-15,76,177,0.3348859081845143,781,87
2020-07-16,4,868,2020-07-15,127,228,0.3580893321542953,781,87
2020-08-07,0,890,2020-08-06,254,355,0.376493369257555,801,89
2020-08-07,1,890,2020-08-06,223,324,0.3952441275675374,801,89
2020-08-07,2,890,2020-08-06,230,331,0.39581480801940067,801,89
2020-08-07,3,890,2020-08-06,212,313,0.3573044877215573,801,89
2020-08-07,4,890,2020-08-06,244,345,0.41578487880773657,801,89
2020-08-29,0,912,2020-08-28,148,249,0.3060639195197665,821,91
2020-08-29,1,912,2020-08-28,206,307,0.32393360164485163,821,91
2020-08-29,2,912,2020-08-28,130,231,0.3048770629285539,821,91
2020-08-29,3,912,2020-08-28,227,328,0.2894533536827356,821,91
2020-08-29,4,912,2020-08-28,201,302,0.3345075650684011,821,91
2020-09-20,0,934,2020-09-19,138,239,0.287750972268276,841,93
2020-09-20,1,934,2020-09-19,192,293,0.3119378080880409,841,93
2020-09-20,2,934,2020-09-19,126,227,0.2895433446793124,841,93
2020-09-20,3,934,2020-09-19,127,228,0.2857076249719382,841,93
2020-09-20,4,934,2020-09-19,172,273,0.3153275571036305,841,93
2020-10-12,0,956,2020-10-11,144,245,0.28635448632533583,860,96
2020-10-12,1,956,2020-10-11,132,233,0.3052886218733741,860,96
2020-10-12,2,956,2020-10-11,120,221,0.28992073393610074,860,96
2020-10-12,3,956,2020-10-11,114,215,0.28708019266262963,860,96
2020-10-12,4,956,2020-10-11,182,283,0.3095355316775419,860,96
2020-11-03,0,978,2020-11-02,106,207,0.2354071073777089,880,98
2020-11-03,1,978,2020-11-02,115,216,0.23900727054913753,880,98
2020-11-03,2,978,2020-11-02,113,214,0.2330151653338081,880,98
2020-11-03,3,978,2020-11-02,72,173,0.2410849465563369,880,98
2020-11-03,4,978,2020-11-02,77,178,0.2397155529183698,880,98
2020-11-25,0,1000,2020-11-24,100,201,0.19295675189846428,900,100
2020-11-25,1,1000,2020-11-24,114,215,0.1937333836431038,900,100
2020-11-25,2,1000,2020-11-24,116,217,0.19555649197806432,900,100
2020-11-25,3,1000,2020-11-24,63,164,0.20118777998016837,900,100
2020-11-25,4,1000,2020-11-24,73,174,0.1913020251340857,900,100
2020-12-17,0,1022,2020-12-16,87,188,0.19103567378678876,920,102
2020-12-17,1,1022,2020-12-16,113,214,0.18645657974890215,920,102
2020-12-17,2,1022,2020-12-16,122,223,0.1861196657435007,920,102
2020-12-17,3,1022,2020-12-16,66,167,0.18635293592431137,920,102
2020-12-17,4,1022,2020-12-16,71,172,0.18197687844905044,920,102
2021-01-08,0,1043,2021-01-07,101,202,0.2116562899164728,939,104
2021-01-08,1,1043,2021-01-07,69,170,0.20146936554889458,939,104
2021-01-08,2,1043,2021-01-07,78,179,0.20462554097423466,939,104
2021-01-08,3,1043,2021-01-07,59,160,0.19797497479011072,939,104
2021-01-08,4,1043,2021-01-07,72,173,0.19642042211436875,939,104
2021-01-30,0,1065,2021-01-29,68,169,0.20897329357654357,959,106
2021-01-30,1,1065,2021-01-29,71,172,0.20528881023153303,959,106
2021-01-30,2,1065,2021-01-29,162,263,0.2279532751447439,959,106
2021-01-30,3,1065,2021-01-29,61,162,0.2130035061757857,959,106
2021-01-30,4,1065,2021-01-29,71,172,0.20420221688325754,959,106
2021-02-21,0,1086,2021-02-20,70,171,0.20533001745646823,977,109
2021-02-21,1,1086,2021-02-20,71,172,0.19491674000452675,977,109
2021-02-21,2,1086,2021-02-20,163,264,0.2233181209017135,977,109
2021-02-21,3,1086,2021-02-20,61,162,0.20670887064823626,977,109
2021-02-21,4,1086,2021-02-20,70,171,0.2018278703774413,977,109
2021-03-15,0,1107,2021-03-14,70,171,0.2379821948469803,996,111
2021-03-15,1,1107,2021-03-14,72,173,0.22272827608081744,996,111
2021-03-15,2,1107,2021-03-14,81,182,0.2508801295769514,996,111
2021-03-15,3,1107,2021-03-14,57,158,0.2237417684819983,996,111
2021-03-15,4,1107,2021-03-14,71,172,0.2305630346629445,996,111
2021-04-06,0,1129,2021-04-05,68,169,0.22506282221001112,1016,113
2021-04-06,1,1129,2021-04-05,71,172,0.20963905528766885,1016,113
2021-04-06,2,1129,2021-04-05,81,182,0.23544936711870615,1016,113
2021-04-06,3,1129,2021-04-05,58,159,0.2103153993736347,1016,113
2021-04-06,4,1129,2021-04-05,71,172,0.21513709052720878,1016,113
2021-04-28,0,1149,2021-04-27,219,320,0.2786675474415265,1034,115
2021-04-28,1,1149,2021-04-27,71,172,0.2755820260199645,1034,115
2021-04-28,2,1149,2021-04-27,239,340,0.2874853301395817,1034,115
2021-04-28,3,1149,2021-04-27,57,158,0.26935067839033555,1034,115
2021-04-28,4,1149,2021-04-27,77,178,0.2880998590226053,1034,115
2021-05-20,0,1171,2021-05-19,66,167,0.3574135488892332,1054,117
2021-05-20,1,1171,2021-05-19,73,174,0.34192560358793317,1054,117
2021-05-20,2,1171,2021-05-19,72,173,0.35422188936611915,1054,117
2021-05-20,3,1171,2021-05-19,58,159,0.320998849719275,1054,117
2021-05-20,4,1171,2021-05-19,67,168,0.3818651687165431,1054,117
2021-06-11,0,1193,2021-06-10,64,165,0.3490797199150093,1074,119
2021-06-11,1,1193,2021-06-10,74,175,0.3366094561274711,1074,119
2021-06-11,2,1193,2021-06-10,152,253,0.34088243467386875,1074,119
2021-06-11,3,1193,2021-06-10,57,158,0.315539439796194,1074,119
2021-06-11,4,1193,2021-06-10,121,222,0.35777796963687747,1074,119
2021-07-03,0,1215,2021-07-02,66,167,0.323666417165278,1093,122
2021-07-03,1,1215,2021-07-02,73,174,0.3118160027593223,1093,122
2021-07-03,2,1215,2021-07-02,72,173,0.3230443585027518,1093,122
2021-07-03,3,1215,2021-07-02,58,159,0.3047995006129195,1093,122
2021-07-03,4,1215,2021-07-02,135,236,0.33015697783807485,1093,122
2021-07-25,0,1237,2021-07-24,65,166,0.3145598723174337,1113,124
2021-07-25,1,1237,2021-07-24,72,173,0.30979993517217125,1113,124
2021-07-25,2,1237,2021-07-24,140,241,0.3202637595287069,1113,124
2021-07-25,3,1237,2021-07-24,59,160,0.3059018157266666,1113,124
2021-07-25,4,1237,2021-07-24,135,236,0.3318692032711302,1113,124
2021-08-16,0,1258,2021-08-15,70,171,0.3341640689648235,1132,126
2021-08-16,1,1258,2021-08-15,73,174,0.33047452859403587,1132,126
2021-08-16,2,1258,2021-08-15,74,175,0.3394607725566127,1132,126
2021-08-16,3,1258,2021-08-15,61,162,0.317777637986974,1132,126
2021-08-16,4,1258,2021-08-15,132,233,0.3505644572836151,1132,126
2021-09-07,0,1280,2021-09-06,36,137,0.44215646657410224,1152,128
2021-09-07,1,1280,2021-09-06,79,180,0.44819933627806674,1152,128
2021-09-07,2,1280,2021-09-06,79,180,0.446277658708213,1152,128
2021-09-07,3,1280,2021-09-06,83,184,0.42018924941858526,1152,128
2021-09-07,4,1280,2021-09-06,50,151,0.4303844335286028,1152,128
2021-09-29,0,1301,2021-09-27,31,132,0.29729471828738924,1171,130
2021-09-29,1,1301,2021-09-27,92,193,0.34664551365942947,1171,130
2021-09-29,2,1301,2021-09-27,135,236,0.3447103653340433,1171,130
2021-09-29,3,1301,2021-09-27,79,180,0.330120410310782,1171,130
2021-09-29,4,1301,2021-09-27,43,144,0.2973977930465341,1171,130
2021-10-21,0,1323,2021-10-20,30,131,0.2926260034235154,1191,132
2021-10-21,1,1323,2021-10-20,0,101,0.2925595928072904,1191,132
2021-10-21,2,1323,2021-10-20,21,122,0.296296362418203,1191,132
2021-10-21,3,1323,2021-10-20,9,110,0.3023281270098095,1191,132
2021-10-21,4,1323,2021-10-20,37,138,0.2793180641224881,1191,132
2021-11-12,0,1345,2021-11-11,37,138,0.3012414943469424,1211,134
2021-11-12,1,1345,2021-11-11,0,101,0.297773792774825,1211,134
2021-11-12,2,1345,2021-11-11,31,132,0.3118104323268135,1211,134
2021-11-12,3,1345,2021-11-11,83,184,0.311151056460473,1211,134
2021-11-12,4,1345,2021-11-11,45,146,0.29080856609087175,1211,134
2021-12-04,0,1367,2021-12-03,33,134,0.3073164395683839,1230,137
2021-12-04,1,1367,2021-12-03,0,101,0.30093672974576263,1230,137
2021-12-04,2,1367,2021-12-03,29,130,0.31077039412436686,1230,137
2021-12-04,3,1367,2021-12-03,8,109,0.32048121455814094,1230,137
2021-12-04,4,1367,2021-12-03,41,142,0.2983923153720532,1230,137
2021-12-26,0,1389,2021-12-25,37,138,0.2920921289775581,1250,139
2021-12-26,1,1389,2021-12-25,0,101,0.2975607624879999,1250,139
2021-12-26,2,1389,2021-12-25,34,135,0.3036921557790671,1250,139
2021-12-26,3,1389,2021-12-25,17,118,0.3134434163112768,1250,139
2021-12-26,4,1389,2021-12-25,46,147,0.2837942073925128,1250,139
2022-01-17,0,1411,2022-01-16,37,138,0.29949758983654184,1270,141
2022-01-17,1,1411,2022-01-16,0,101,0.30822009805955386,1270,141
2022-01-17,2,1411,2022-01-16,35,136,0.31064314244722363,1270,141
2022-01-17,3,1411,2022-01-16,19,120,0.32017401427019176,1270,141
2022-01-17,4,1411,2022-01-16,47,148,0.28723190855976183,1270,141
2022-02-08,0,1433,2022-02-07,86,187,0.19087181440726134,1290,143
2022-02-08,1,1433,2022-02-07,51,152,0.17881009602756537,1290,143
2022-02-08,2,1433,2022-02-07,56,157,0.1724841665239649,1290,143
2022-02-08,3,1433,2022-02-07,39,140,0.17543158916155,1290,143
2022-02-08,4,1433,2022-02-07,55,156,0.17089973773388692,1290,143
2022-03-02,0,1455,2022-03-01,87,188,0.1875657909414541,1309,146
2022-03-02,1,1455,2022-03-01,54,155,0.17941702265612092,1309,146
2022-03-02,2,1455,2022-03-01,56,157,0.1750452360134515,1309,146
2022-03-02,3,1455,2022-03-01,40,141,0.1755961116793019,1309,146
2022-03-02,4,1455,2022-03-01,57,158,0.17163644286189034,1309,146
2022-03-24,0,1477,2022-03-23,86,187,0.2060323059507966,1329,148
2022-03-24,1,1477,2022-03-23,53,154,0.20003924466545184,1329,148
2022-03-24,2,1477,2022-03-23,56,157,0.19617132342588606,1329,148
2022-03-24,3,1477,2022-03-23,41,142,0.19772214776036903,1329,148
2022-03-24,4,1477,2022-03-23,57,158,0.1897004026842306,1329,148
2022-04-15,0,1499,2022-04-14,85,186,0.195072440251276,1349,150
2022-04-15,1,1499,2022-04-14,54,155,0.19180612920935952,1349,150
2022-04-15,2,1499,2022-04-14,58,159,0.19483640974680036,1349,150
2022-04-15,3,1499,2022-04-14,42,143,0.19334406771085055,1349,150
2022-04-15,4,1499,2022-04-14,59,160,0.18694254668640495,1349,150
2022-05-07,0,1521,2022-05-06,81,182,0.16895412858615974,1369,152
2022-05-07,1,1521,2022-05-06,125,226,0.1714560310338599,1369,152
2022-05-07,2,1521,2022-05-06,102,203,0.17697090473996613,1369,152
2022-05-07,3,1521,2022-05-06,88,189,0.1736153622853604,1369,152
2022-05-07,4,1521,2022-05-06,65,166,0.16473746486134785,1369,152
2022-05-29,0,1543,2022-05-28,80,181,0.18363567577966172,1389,154
2022-05-29,1,1543,2022-05-28,173,274,0.18226036458733824,1389,154
2022-05-29,2,1543,2022-05-28,106,207,0.19066890043224455,1389,154
2022-05-29,3,1543,2022-05-28,128,229,0.18663157133709263,1389,154
2022-05-29,4,1543,2022-05-28,65,166,0.18273347511882163,1389,154
2022-06-20,0,1565,2022-06-19,83,184,0.20180496643271612,1409,156
2022-06-20,1,1565,2022-06-19,179,280,0.20069237910676158,1409,156
2022-06-20,2,1565,2022-06-19,136,237,0.20951990929878248,1409,156
2022-06-20,3,1565,2022-06-19,132,233,0.20788120580622563,1409,156
2022-06-20,4,1565,2022-06-19,107,208,0.20575417999339501,1409,156
2022-07-12,0,1587,2022-07-11,77,178,0.18816030129450956,1428,159
2022-07-12,1,1587,2022-07-11,161,262,0.19510729181478353,1428,159
2022-07-12,2,1587,2022-07-11,136,237,0.19766929666556565,1428,159
2022-07-12,3,1587,2022-07-11,139,240,0.19838394923210922,1428,159
2022-07-12,4,1587,2022-07-11,115,216,0.20056476196680076,1428,159
2022-08-03,0,1609,2022-08-02,79,180,0.18246857115970513,1448,161
2022-08-03,1,1609,2022-08-02,160,261,0.1877288937639988,1448,161
2022-08-03,2,1609,2022-08-02,138,239,0.18716748677604733,1448,161
2022-08-03,3,1609,2022-08-02,156,257,0.18698899863317986,1448,161
2022-08-03,4,1609,2022-08-02,134,235,0.1919971742089819,1448,161
2022-08-25,0,1631,2022-08-24,82,183,0.18486162621397603,1468,163
2022-08-25,1,1631,2022-08-24,169,270,0.1885724654215379,1468,163
2022-08-25,2,1631,2022-08-24,163,264,0.18755907396428467,1468,163
2022-08-25,3,1631,2022-08-24,160,261,0.18734611660208883,1468,163
2022-08-25,4,1631,2022-08-24,119,220,0.1935059983284171,1468,163
2022-09-16,0,1653,2022-09-15,121,222,0.17644183842360098,1488,165
2022-09-16,1,1653,2022-09-15,245,346,0.17701454761190152,1488,165
2022-09-16,2,1653,2022-09-15,132,233,0.17459126214406306,1488,165
2022-09-16,3,1653,2022-09-15,176,277,0.17213316029507872,1488,165
2022-09-16,4,1653,2022-09-15,233,334,0.17900105368596095,1488,165
2022-10-08,0,1675,2022-10-07,118,219,0.17798861363298543,1507,168
2022-10-08,1,1675,2022-10-07,233,334,0.1801486726459705,1507,168
2022-10-08,2,1675,2022-10-07,135,236,0.17821301979047624,1507,168
2022-10-08,3,1675,2022-10-07,170,271,0.1764864615995774,1507,168
2022-10-08,4,1675,2022-10-07,247,348,0.18195594545979427,1507,168
2022-10-30,0,1697,2022-10-29,131,232,0.18926572136604278,1527,170
2022-10-30,1,1697,2022-10-29,241,342,0.19280922520812918,1527,170
2022-10-30,2,1697,2022-10-29,183,284,0.1885086727427787,1527,170
2022-10-30,3,1697,2022-10-29,209,310,0.18464993578442432,1527,170
2022-10-30,4,1697,2022-10-29,463,564,0.1854452615720723,1527,170
2022-11-21,0,1719,2022-11-20,131,232,0.23991072576568687,1547,172
2022-11-21,1,1719,2022-11-20,246,347,0.24541840873166174,1547,172
2022-11-21,2,1719,2022-11-20,173,274,0.23737092157050993,1547,172
2022-11-21,3,1719,2022-11-20,163,264,0.24288609980611894,1547,172
2022-11-21,4,1719,2022-11-20,170,271,0.24547394891866425,1547,172
2022-12-13,0,1741,2022-12-12,134,235,0.2459424054328405,1567,174
2022-12-13,1,1741,2022-12-12,438,539,0.24017333021556286,1567,174
2022-12-13,2,1741,2022-12-12,398,499,0.2345145890802457,1567,174
2022-12-13,3,1741,2022-12-12,324,425,0.2424170289352514,1567,174
2022-12-13,4,1741,2022-12-12,340,441,0.2441379281046075,1567,174
2023-01-04,0,1763,2023-01-03,276,377,0.26759731543892856,1587,176
2023-01-04,1,1763,2023-01-03,455,556,0.253957867927793,1587,176
2023-01-04,2,1763,2023-01-03,570,671,0.2519142290064945,1587,176
2023-01-04,3,1763,2023-01-03,326,427,0.26737729945822086,1587,176
2023-01-04,4,1763,2023-01-03,252,353,0.27008847499969924,1587,176
2023-01-26,0,1785,2023-01-25,276,377,0.2977767745181173,1607,178
2023-01-26,1,1785,2023-01-25,343,444,0.29466940334890473,1607,178
2023-01-26,2,1785,2023-01-25,374,475,0.29396131129895375,1607,178
2023-01-26,3,1785,2023-01-25,349,450,0.29981238351028944,1607,178
2023-01-26,4,1785,2023-01-25,278,379,0.3057245567761428,1607,178
2023-02-17,0,1807,2023-02-16,270,371,0.2923911813059391,1626,181
2023-02-17,1,1807,2023-02-16,372,473,0.2943823628899772,1626,181
2023-02-17,2,1807,2023-02-16,371,472,0.29056506276430755,1626,181
2023-02-17,3,1807,2023-02-16,191,292,0.29659965567976,1626,181
2023-02-17,4,1807,2023-02-16,255,356,0.3026587113637434,1626,181
2023-03-11,0,1829,2023-03-10,285,386,0.2959000803578263,1646,183
2023-03-11,1,1829,2023-03-10,361,462,0.2980592422443195,1646,183
2023-03-11,2,1829,2023-03-10,378,479,0.2969696078982093,1646,183
2023-03-11,3,1829,2023-03-10,213,314,0.3016456477818014,1646,183
2023-03-11,4,1829,2023-03-10,254,355,0.30597039950252514,1646,183
2023-04-02,0,1850,2023-04-01,309,410,0.28653703864531305,1665,185
2023-04-02,1,1850,2023-04-01,379,480,0.28685610473919615,1665,185
2023-04-02,2,1850,2023-04-01,339,440,0.28726479803702176,1665,185
2023-04-02,3,1850,2023-04-01,209,310,0.2915153463288318,1665,185
2023-04-02,4,1850,2023-04-01,291,392,0.2984295179035064,1665,185
2023-04-24,0,1872,2023-04-23,233,334,0.2770124971359578,1685,187
2023-04-24,1,1872,2023-04-23,416,517,0.2731688155221775,1685,187
2023-04-24,2,1872,2023-04-23,249,350,0.27524325109873854,1685,187
2023-04-24,3,1872,2023-04-23,207,308,0.2819249449544392,1685,187
2023-04-24,4,1872,2023-04-23,248,349,0.2847392395097304,1685,187
2023-05-16,0,1894,2023-05-15,286,387,0.2791512262164009,1705,189
2023-05-16,1,1894,2023-05-15,401,502,0.27833303504232937,1705,189
2023-05-16,2,1894,2023-05-15,262,363,0.2785952957338572,1705,189
2023-05-16,3,1894,2023-05-15,228,329,0.2838217320299604,1705,189
2023-05-16,4,1894,2023-05-15,260,361,0.2871868758849108,1705,189
2023-06-07,0,1916,2023-06-06,299,400,0.24556767124317044,1724,192
2023-06-07,1,1916,2023-06-06,521,622,0.2373883491201609,1724,192
2023-06-07,2,1916,2023-06-06,253,354,0.24985729257470313,1724,192
2023-06-07,3,1916,2023-06-06,374,475,0.2452860610738362,1724,192
2023-06-07,4,1916,2023-06-06,296,397,0.25747244385825413,1724,192
2023-06-29,0,1938,2023-06-28,299,400,0.2449978429860876,1744,194
2023-06-29,1,1938,2023-06-28,351,452,0.24551251264138219,1744,194
2023-06-29,2,1938,2023-06-28,180,281,0.24494557472632292,1744,194
2023-06-29,3,1938,2023-06-28,92,193,0.24264729002093874,1744,194
2023-06-29,4,1938,2023-06-28,211,312,0.25434208330319497,1744,194
2023-07-21,0,1960,2023-07-20,121,222,0.24286028882275293,1764,196
2023-07-21,1,1960,2023-07-20,158,259,0.23816550055414654,1764,196
2023-07-21,2,1960,2023-07-20,147,248,0.24015116823741198,1764,196
2023-07-21,3,1960,2023-07-20,239,340,0.23682186992787121,1764,196
2023-07-21,4,1960,2023-07-20,202,303,0.24538580833347798,1764,196
2023-08-12,0,1982,2023-08-11,273,374,0.24520308195358057,1784,198
2023-08-12,1,1982,2023-08-11,362,463,0.2478046329474213,1784,198
2023-08-12,2,1982,2023-08-11,123,224,0.24279169328385328,1784,198
2023-08-12,3,1982,2023-08-11,188,289,0.24492938805046374,1784,198
2023-08-12,4,1982,2023-08-11,349,450,0.24824756010204493,1784,198
2023-09-03,0,2004,2023-09-02,77,178,0.44469173559184433,1804,200
2023-09-03,1,2004,2023-09-02,129,230,0.439091043486231,1804,200
2023-09-03,2,2004,2023-09-02,61,162,0.46777449402124704,1804,200
2023-09-03,3,2004,2023-09-02,118,219,0.47907938511162845,1804,200
2023-09-03,4,2004,2023-09-02,69,170,0.4388197119140254,1804,200
2023-09-25,0,2026,2023-09-24,80,181,0.45572956300187945,1823,203
2023-09-25,1,2026,2023-09-24,130,231,0.45419672697054975,1823,203
2023-09-25,2,2026,2023-09-24,63,164,0.4817200353622198,1823,203
2023-09-25,3,2026,2023-09-24,114,215,0.48981609480983157,1823,203
2023-09-25,4,2026,2023-09-24,73,174,0.4558828610211794,1823,203
2023-10-17,0,2048,2023-10-16,78,179,0.5080165623482922,1843,205
2023-10-17,1,2048,2023-10-16,125,226,0.5086934742589024,1843,205
2023-10-17,2,2048,2023-10-16,62,163,0.535759571011339,1843,205
2023-10-17,3,2048,2023-10-16,125,226,0.546436246559666,1843,205
2023-10-17,4,2048,2023-10-16,104,205,0.5137540367411735,1843,205
2023-11-08,0,2070,2023-11-07,74,175,0.5250873511284628,1863,207
2023-11-08,1,2070,2023-11-07,131,232,0.5274914332965537,1863,207
2023-11-08,2,2070,2023-11-07,61,162,0.5494226812065562,1863,207
2023-11-08,3,2070,2023-11-07,117,218,0.5634191463457809,1863,207
2023-11-08,4,2070,2023-11-07,102,203,0.5371326279593904,1863,207
2023-11-30,0,2092,2023-11-29,74,175,0.5208627692566482,1883,209
2023-11-30,1,2092,2023-11-29,128,229,0.5258630497392175,1883,209
2023-11-30,2,2092,2023-11-29,62,163,0.5454886882383698,1883,209
2023-11-30,3,2092,2023-11-29,114,215,0.5628841372911352,1883,209
2023-11-30,4,2092,2023-11-29,101,202,0.5339994398286648,1883,209
2023-12-22,0,2114,2023-12-21,74,175,0.5122760638870301,1903,211
2023-12-22,1,2114,2023-12-21,127,228,0.5239792421946892,1903,211
2023-12-22,2,2114,2023-12-21,61,162,0.5374689653161775,1903,211
2023-12-22,3,2114,2023-12-21,116,217,0.5590748541280826,1903,211
2023-12-22,4,2114,2023-12-21,100,201,0.5300148600841642,1903,211
2024-01-13,0,2136,2024-01-12,77,178,0.5121841786662713,1922,214
2024-01-13,1,2136,2024-01-12,131,232,0.5181963296091074,1922,214
2024-01-13,2,2136,2024-01-12,61,162,0.5370575872464692,1922,214
2024-01-13,3,2136,2024-01-12,116,217,0.5492258104801052,1922,214
2024-01-13,4,2136,2024-01-12,102,203,0.5248646733376849,1922,214
2024-02-04,0,2158,2024-02-03,76,177,0.510212476746577,1942,216
2024-02-04,1,2158,2024-02-03,150,251,0.5192478439765458,1942,216
2024-02-04,2,2158,2024-02-03,61,162,0.5405665160544969,1942,216
2024-02-04,3,2158,2024-02-03,120,221,0.5470609022998701,1942,216
2024-02-04,4,2158,2024-02-03,103,204,0.5284913491841123,1942,216
2024-02-26,0,2180,2024-02-25,75,176,0.4836062533377335,1962,218
2024-02-26,1,2180,2024-02-25,149,250,0.4932752402894396,1962,218
2024-02-26,2,2180,2024-02-25,60,161,0.5152044407474817,1962,218
2024-02-26,3,2180,2024-02-25,126,227,0.5204111014598831,1962,218
2024-02-26,4,2180,2024-02-25,101,202,0.5025017315099429,1962,218
2024-03-19,0,2202,2024-03-18,73,174,0.4633885379874038,1982,220
2024-03-19,1,2202,2024-03-18,139,240,0.48659972438684246,1982,220
2024-03-19,2,2202,2024-03-18,57,158,0.4875913947376474,1982,220
2024-03-19,3,2202,2024-03-18,126,227,0.5250702211189955,1982,220
2024-03-19,4,2202,2024-03-18,59,160,0.48233678981025274,1982,220
2024-04-10,0,2224,2024-04-09,81,182,0.2928001052033922,2002,222
2024-04-10,1,2224,2024-04-09,150,251,0.2826580658132559,2002,222
2024-04-10,2,2224,2024-04-09,288,389,0.2835532672519071,2002,222
2024-04-10,3,2224,2024-04-09,459,560,0.2834960116435353,2002,222
2024-04-10,4,2224,2024-04-09,245,346,0.2894029354215737,2002,222
2024-05-02,0,2246,2024-05-01,80,181,0.2865244528072625,2021,225
2024-05-02,1,2246,2024-05-01,126,227,0.2858257091122024,2021,225
2024-05-02,2,2246,2024-05-01,87,188,0.2868358917782691,2021,225
2024-05-02,3,2246,2024-05-01,94,195,0.29414146302020894,2021,225
2024-05-02,4,2246,2024-05-01,239,340,0.2979202631288524,2021,225
2024-05-24,0,2268,2024-05-23,81,182,0.2619101966568403,2041,227
2024-05-24,1,2268,2024-05-23,142,243,0.25671839568308646,2041,227
2024-05-24,2,2268,2024-05-23,91,192,0.2597082405529319,2041,227
2024-05-24,3,2268,2024-05-23,534,635,0.25667102930747737,2041,227
2024-05-24,4,2268,2024-05-23,277,378,0.26345255734537515,2041,227
2024-06-15,0,2290,2024-06-14,99,200,0.20334511090779112,2061,229
2024-06-15,1,2290,2024-06-14,133,234,0.20054860370734381,2061,229
2024-06-15,2,2290,2024-06-14,156,257,0.2018754248089223,2061,229
2024-06-15,3,2290,2024-06-14,352,453,0.19305824740610494,2061,229
2024-06-15,4,2290,2024-06-14,217,318,0.19932404403388046,2061,229
2024-07-07,0,2312,2024-07-06,100,201,0.21246481706090176,2081,231
2024-07-07,1,2312,2024-07-06,137,238,0.2046775866965951,2081,231
2024-07-07,2,2312,2024-07-06,346,447,0.20439141414604817,2081,231
2024-07-07,3,2312,2024-07-06,380,481,0.20142697648553423,2081,231
2024-07-07,4,2312,2024-07-06,219,320,0.20427444957814989,2081,231
2024-07-29,0,2334,2024-07-28,100,201,0.20701846751054628,2101,233
2024-07-29,1,2334,2024-07-28,127,228,0.20043619283307484,2101,233
2024-07-29,2,2334,2024-07-28,108,209,0.20366821007564198,2101,233
2024-07-29,3,2334,2024-07-28,350,451,0.19588401450973053,2101,233
2024-07-29,4,2334,2024-07-28,211,312,0.1995481427639704,2101,233
2024-08-20,0,2356,2024-08-19,99,200,0.21881130257271586,2120,236
2024-08-20,1,2356,2024-08-19,125,226,0.21459333368751998,2120,236
2024-08-20,2,2356,2024-08-19,330,431,0.22206693616736903,2120,236
2024-08-20,3,2356,2024-08-19,301,402,0.2169223238206739,2120,236
2024-08-20,4,2356,2024-08-19,295,396,0.21790164638738596,2120,236
2024-09-11,0,2378,2024-09-10,88,189,0.20798653064977454,2140,238
2024-09-11,1,2378,2024-09-10,122,223,0.20587775556205146,2140,238
2024-09-11,2,2378,2024-09-10,332,433,0.21451747935631293,2140,238
2024-09-11,3,2378,2024-09-10,414,515,0.2050785882956005,2140,238
2024-09-11,4,2378,2024-09-10,135,236,0.20847202081362817,2140,238
2024-10-03,0,2400,2024-10-02,89,190,0.19752056065969006,2160,240
2024-10-03,1,2400,2024-10-02,124,225,0.19558845081618095,2160,240
2024-10-03,2,2400,2024-10-02,335,436,0.2041144018577228,2160,240
2024-10-03,3,2400,2024-10-02,324,425,0.19690980751787363,2160,240
2024-10-03,4,2400,2024-10-02,133,234,0.19789477449614334,2160,240
2024-10-25,0,2422,2024-10-24,104,205,0.20202084649108326,2180,242
2024-10-25,1,2422,2024-10-24,122,223,0.20034891588487122,2180,242
2024-10-25,2,2422,2024-10-24,340,441,0.21073943926825064,2180,242
2024-10-25,3,2422,2024-10-24,278,379,0.20028733808441612,2180,242
2024-10-25,4,2422,2024-10-24,137,238,0.2016002670029195,2180,242
2024-11-16,0,2444,2024-11-15,98,199,0.19679631072358553,2200,244
2024-11-16,1,2444,2024-11-15,120,221,0.1967806060442969,2200,244
2024-11-16,2,2444,2024-11-15,303,404,0.2051404435812009,2200,244
2024-11-16,3,2444,2024-11-15,352,453,0.19378864976185045,2200,244
2024-11-16,4,2444,2024-11-15,134,235,0.19390569251277334,2200,244
2024-12-08,0,2466,2024-12-07,100,201,0.2022325199300229,2219,247
2024-12-08,1,2466,2024-12-07,118,219,0.2020318704211106,2219,247
2024-12-08,2,2466,2024-12-07,140,241,0.21291064309768817,2219,247
2024-12-08,3,2466,2024-12-07,301,402,0.2042915102451403,2219,247
2024-12-08,4,2466,2024-12-07,116,217,0.20090959405687528,2219,247
2024-12-30,0,2488,2024-12-29,106,207,0.18716402449315214,2239,249
2024-12-30,1,2488,2024-12-29,129,230,0.1857249191781776,2239,249
2024-12-30,2,2488,2024-12-29,280,381,0.18967583800517857,2239,249
2024-12-30,3,2488,2024-12-29,295,396,0.1836668259312887,2239,249
2024-12-30,4,2488,2024-12-29,123,224,0.18329953846365976,2239,249
2025-01-21,0,2510,2025-01-20,119,220,0.19987143876882318,2259,251
2025-01-21,1,2510,2025-01-20,122,223,0.19860559667289016,2259,251
2025-01-21,2,2510,2025-01-20,204,305,0.20247009116987327,2259,251
2025-01-21,3,2510,2025-01-20,287,388,0.19383984057475423,2259,251
2025-01-21,4,2510,2025-01-20,308,409,0.19532867152039082,2259,251
2025-02-12,0,2532,2025-02-11,119,220,0.20734307002023178,2279,253
2025-02-12,1,2532,2025-02-11,122,223,0.20562165022762333,2279,253
2025-02-12,2,2532,2025-02-11,263,364,0.2113712433145009,2279,253
2025-02-12,3,2532,2025-02-11,304,405,0.2030501601569147,2279,253
2025-02-12,4,2532,2025-02-11,340,441,0.20335632469607515,2279,253
2025-03-06,0,2554,2025-03-05,120,221,0.20488715754590475,2299,255
2025-03-06,1,2554,2025-03-05,121,222,0.2034989668828494,2299,255
2025-03-06,2,2554,2025-03-05,300,401,0.2123033596847253,2299,255
2025-03-06,3,2554,2025-03-05,301,402,0.20058582112009377,2299,255
2025-03-06,4,2554,2025-03-05,292,393,0.20392813847111324,2299,255
2025-03-28,0,2576,2025-03-27,118,219,0.20821996655499486,2318,258
2025-03-28,1,2576,2025-03-27,122,223,0.20956723330255272,2318,258
2025-03-28,2,2576,2025-03-27,331,432,0.2161466149857038,2318,258
2025-03-28,3,2576,2025-03-27,312,413,0.20373020373211992,2318,258
2025-03-28,4,2576,2025-03-27,302,403,0.2063084505380925,2318,258
2025-04-19,0,2598,2025-04-18,128,229,0.2139299653862216,2338,260
2025-04-19,1,2598,2025-04-18,160,261,0.21564428828686144,2338,260
2025-04-19,2,2598,2025-04-18,285,386,0.22529117996405504,2338,260
2025-04-19,3,2598,2025-04-18,290,391,0.2118357749766031,2338,260
2025-04-19,4,2598,2025-04-18,315,416,0.2144343743817495,2338,260
2025-05-11,0,2620,2025-05-10,297,398,0.19219850567936128,2358,262
2025-05-11,1,2620,2025-05-10,288,389,0.18848432990611003,2358,262
2025-05-11,2,2620,2025-05-10,275,376,0.19720581745351543,2358,262
2025-05-11,3,2620,2025-05-10,298,399,0.1881085176569983,2358,262
2025-05-11,4,2620,2025-05-10,229,330,0.19197118369961583,2358,262
2025-06-02,0,2642,2025-06-01,280,381,0.18490675221757064,2378,264
2025-06-02,1,2642,2025-06-01,302,403,0.18143538727038847,2378,264
2025-06-02,2,2642,2025-06-01,264,365,0.18972136180063925,2378,264
2025-06-02,3,2642,2025-06-01,287,388,0.1816167953239363,2378,264
2025-06-02,4,2642,2025-06-01,251,352,0.1850518767241786,2378,264
2025-06-24,0,2664,2025-06-23,124,225,0.19248691906733426,2398,266
2025-06-24,1,2664,2025-06-23,294,395,0.1907130886646153,2398,266
2025-06-24,2,2664,2025-06-23,267,368,0.19756588052233684,2398,266
2025-06-24,3,2664,2025-06-23,197,298,0.1901065939860269,2398,266
2025-06-24,4,2664,2025-06-23,225,326,0.1925808537426135,2398,266
2025-07-16,0,2686,2025-07-15,207,308,0.19752250893381118,2417,269
2025-07-16,1,2686,2025-07-15,207,308,0.1969189285399885,2417,269
2025-07-16,2,2686,2025-07-15,259,360,0.2019771111489941,2417,269
2025-07-16,3,2686,2025-07-15,203,304,0.19419600873439968,2417,269
2025-07-16,4,2686,2025-07-15,314,415,0.19829193029253053,2417,269
2025-08-07,0,2708,2025-08-06,241,342,0.19737977841833612,2437,271
2025-08-07,1,2708,2025-08-06,260,361,0.19594589498749979,2437,271
2025-08-07,2,2708,2025-08-06,271,372,0.20200701591987574,2437,271
2025-08-07,3,2708,2025-08-06,193,294,0.19521368706451828,2437,271
2025-08-07,4,2708,2025-08-06,273,374,0.19840778301408915,2437,271
2025-08-29,0,2730,2025-08-28,202,303,0.20065369926572713,2457,273
2025-08-29,1,2730,2025-08-28,294,395,0.19817864132200022,2457,273
2025-08-29,2,2730,2025-08-28,268,369,0.205691705300954,2457,273
2025-08-29,3,2730,2025-08-28,189,290,0.19938347063067133,2457,273
2025-08-29,4,2730,2025-08-28,234,335,0.20098905866150588,2457,273
2025-09-20,0,2752,2025-09-19,265,366,0.19974260413262826,2477,275
2025-09-20,1,2752,2025-09-19,414,515,0.19718606217444676,2477,275
2025-09-20,2,2752,2025-09-19,372,473,0.20216862405729835,2477,275
2025-09-20,3,2752,2025-09-19,351,452,0.1942037633981419,2477,275
2025-09-20,4,2752,2025-09-19,372,473,0.195422834221015,2477,275
2025-10-12,0,2774,2025-10-11,151,252,0.2786377527991868,2497,277
2025-10-12,1,2774,2025-10-11,181,282,0.27315683562957854,2497,277
2025-10-12,2,2774,2025-10-11,339,440,0.27937723168128076,2497,277
2025-10-12,3,2774,2025-10-11,140,241,0.27714635822793376,2497,277
2025-10-12,4,2774,2025-10-11,137,238,0.2764247551724587,2497,277
2025-11-03,0,2796,2025-11-02,124,225,0.2665405327915217,2516,280
2025-11-03,1,2796,2025-11-02,168,269,0.25956498635674524,2516,280
2025-11-03,2,2796,2025-11-02,416,517,0.2625289418535833,2516,280
2025-11-03,3,2796,2025-11-02,125,226,0.2666634624759151,2516,280
2025-11-03,4,2796,2025-11-02,135,236,0.26312305347596043,2516,280
2025-11-25,0,2818,2025-11-24,123,224,0.26013397221707496,2536,282
2025-11-25,1,2818,2025-11-24,160,261,0.2503379172362752,2536,282
2025-11-25,2,2818,2025-11-24,282,383,0.258777702983557,2536,282
2025-11-25,3,2818,2025-11-24,128,229,0.25778559450799593,2536,282
2025-11-25,4,2818,2025-11-24,135,236,0.25461014962027045,2536,282
2025-12-17,0,2840,2025-12-16,125,226,0.24913523697654508,2556,284
2025-12-17,1,2840,2025-12-16,187,288,0.23906633427152643,2556,284
2025-12-17,2,2840,2025-12-16,392,493,0.24226451018017178,2556,284
2025-12-17,3,2840,2025-12-16,135,236,0.24524408546352472,2556,284
2025-12-17,4,2840,2025-12-16,132,233,0.2407727633181234,2556,284
2026-01-08,0,2862,2026-01-07,157,258,0.2544978963258761,2576,286
2026-01-08,1,2862,2026-01-07,166,267,0.24493124768559377,2576,286
2026-01-08,2,2862,2026-01-07,414,515,0.24539454945330905,2576,286
2026-01-08,3,2862,2026-01-07,132,233,0.2510569146049365,2576,286
2026-01-08,4,2862,2026-01-07,133,234,0.245447724708685,2576,286
2026-01-30,0,2884,2026-01-29,150,251,0.25611358317421895,2596,288
2026-01-30,1,2884,2026-01-29,212,313,0.24582926091970198,2596,288
2026-01-30,2,2884,2026-01-29,559,660,0.23985295740950452,2596,288
2026-01-30,3,2884,2026-01-29,133,234,0.25100539875198263,2596,288
2026-01-30,4,2884,2026-01-29,133,234,0.24486383107453516,2596,288
2026-02-21,0,2906,2026-02-20,127,228,0.25416475040957753,2615,291
2026-02-21,1,2906,2026-02-20,180,281,0.24381500842820555,2615,291
2026-02-21,2,2906,2026-02-20,417,518,0.24591664118235626,2615,291
2026-02-21,3,2906,2026-02-20,132,233,0.2496899799791165,2615,291
2026-02-21,4,2906,2026-02-20,128,229,0.2431944435345321,2615,291
2026-03-15,0,2928,2026-03-14,127,228,0.2547869576373339,2635,293
2026-03-15,1,2928,2026-03-14,225,326,0.24571087614072296,2635,293
2026-03-15,2,2928,2026-03-14,336,437,0.24874053570345228,2635,293
2026-03-15,3,2928,2026-03-14,127,228,0.25063241262651026,2635,293
2026-03-15,4,2928,2026-03-14,129,230,0.244870222152925,2635,293
2026-04-06,0,2950,2026-04-05,123,224,0.252225416479265,2655,295
2026-04-06,1,2950,2026-04-05,488,589,0.24153562904179993,2655,295
2026-04-06,2,2950,2026-04-05,479,580,0.24593462828265314,2655,295
2026-04-06,3,2950,2026-04-05,130,231,0.24999864831246166,2655,295
2026-04-06,4,2950,2026-04-05,125,226,0.243429750390498,2655,295
2026-04-28,0,2972,2026-04-27,196,297,0.2413670853362884,2675,297
2026-04-28,1,2972,2026-04-27,320,421,0.2313460282011226,2675,297
2026-04-28,2,2972,2026-04-27,276,377,0.23735952869472327,2675,297
2026-04-28,3,2972,2026-04-27,134,235,0.23763940583673013,2675,297
2026-04-28,4,2972,2026-04-27,124,225,0.23033990180103672,2675,297
2026-05-20,0,2994,2026-05-19,196,297,0.24249758280128159,2695,299
2026-05-20,1,2994,2026-05-19,522,623,0.22924755543906672,2695,299
2026-05-20,2,2994,2026-05-19,283,384,0.23743093557231387,2695,299
2026-05-20,3,2994,2026-05-19,133,234,0.23894869870535776,2695,299
2026-05-20,4,2994,2026-05-19,125,226,0.23265919686790865,2695,299
2026-06-11,0,3016,2026-06-10,126,227,0.2386410776597529,2714,302
2026-06-11,1,3016,2026-06-10,230,331,0.2276603433136225,2714,302
2026-06-11,2,3016,2026-06-10,262,363,0.23643931694223147,2714,302
2026-06-11,3,3016,2026-06-10,135,236,0.23509092527008957,2714,302
2026-06-11,4,3016,2026-06-10,123,224,0.23048428462506176,2714,302
2026-07-03,0,3038,2026-07-02,115,216,0.2307757220213422,2734,304
2026-07-03,1,3038,2026-07-02,228,329,0.21984435553980336,2734,304
2026-07-03,2,3038,2026-07-02,247,348,0.22825759706710427,2734,304
2026-07-03,3,3038,2026-07-02,136,237,0.2272489034681592,2734,304
2026-07-03,4,3038,2026-07-02,121,222,0.2234165300636826,2734,304
2026-07-25,0,3060,2026-07-24,117,218,0.2261741609173032,2754,306
2026-07-25,1,3060,2026-07-24,203,304,0.21436326425441027,2754,306
2026-07-25,2,3060,2026-07-24,245,346,0.22259253502000087,2754,306
2026-07-25,3,3060,2026-07-24,126,227,0.22118398882737164,2754,306
2026-07-25,4,3060,2026-07-24,121,222,0.2185271729608419,2754,306
2026-08-16,0,3082,2026-08-15,449,550,0.1607484459501659,2774,308
2026-08-16,1,3082,2026-08-15,356,457,0.1572249683730251,2774,308
2026-08-16,2,3082,2026-08-15,225,326,0.1628298521377136,2774,308
2026-08-16,3,3082,2026-08-15,249,350,0.1603291125096746,2774,308
2026-08-16,4,3082,2026-08-15,170,271,0.1610784899702946,2774,308
