origin,nobs,convergence_flag,mu,omega,alpha[1],beta[1]
2019-12-31,689,0,-0.029623343140350485,1.4825652385072894,0.07962401233854234,0.8079158133142662
2020-01-22,711,0,0.004145725885499689,1.433817196390688,0.07504166551877121,0.815055797849721
2020-02-13,733,0,0.03580681556385406,1.362066577132222,0.07437233361082662,0.8191305309035085
2020-03-06,755,0,0.015997280818015564,1.2886091516315592,0.07011683021336068,0.8277651821067674
2020-03-28,777,0,0.0740488939402093,1.7992207245216751,0.13006040267979255,0.7869220102325855
2020-04-19,799,0,0.08526790937568725,1.8387664379737674,0.12406348274350738,0.7868386284579545
2020-05-11,821,0,0.09914058370285073,1.8616073132839184,0.10688783913342641,0.7985936935027169
2020-06-02,843,0,0.10474613218832463,1.887209020721272,0.10573191954072339,0.7971196782124176
2020-06-24,865,0,0.09637992514806502,1.8301831302333593,0.10563185867226937,0.797585411118938
2020-07-16,887,0,0.09740535630634106,1.607184994621297,0.11811821406304367,0.7997427650948964
2020-08-07,909,0,0.12350438595117487,1.6097008694775026,0.11437184439726922,0.8015577127365413
2020-08-29,931,0,0.11897885511279387,1.5338635853209501,0.11836037565174957,0.8011758256595628
2020-09-20,953,0,0.11181617476897797,1.5996480838388671,0.12120078166568853,0.7938452962560724
2020-10-12,975,0,0.11989709326672586,1.4922345692298464,0.12717479150101194,0.7947071774497791
2020-11-03,997,0,0.1499610285171218,1.4251561088979832,0.12750821168911614,0.7974114461715578
2020-11-25,1019,0,0.1780431994642209,1.4518433610493853,0.12089518944619679,0.7997534146439084
2020-12-17,1041,0,0.1833302084187369,1.476495803601002,0.11637306067328418,0.8021725783530468
2021-01-08,1063,0,0.21977041604680625,1.4585684142212176,0.11337118504947406,0.8058456526858865
2021-01-30,1085,0,0.20644873916450748,1.3746341096465327,0.10831780660281556,0.8169115766893618
2021-02-21,1107,0,0.2311606897366436,1.276972005037221,0.09812893976210064,0.8325338143861394
2021-03-15,1129,0,0.22805663414230765,1.2570349457409227,0.09646713013580008,0.8354503997418504
2021-04-06,1151,0,0.22770804962477037,1.2516238825697585,0.09493668534698285,0.8355475291509735
2021-04-28,1173,0,0.22271736906692755,1.2400764229866243,0.09135849660028078,0.8390339317579929
2021-05-20,1195,0,0.2103697296447518,1.1897324287947475,0.09459039417832807,0.8427389443099909
2021-06-11,1217,0,0.20776550333400903,1.1817590372198559,0.09187325474223329,0.8452321266886067
2021-07-03,1239,0,0.19961259316063534,1.148258685627062,0.08902905575349311,0.8499323148848837
2021-07-25,1261,0,0.19716519540007618,1.1752535416101149,0.08999257543495422,0.8465043994096394
2021-08-16,1283,0,0.2163358639348281,1.1650854187078281,0.08822089852700367,0.8481609677699545
2021-09-07,1305,0,0.2072161869999499,1.1771704426898424,0.0851552040359302,0.8499714805463967
2021-09-29,1327,0,0.1922176606814803,1.1669198108799055,0.0806530562313167,0.8535636164458378
2021-10-21,1349,0,0.21827661263757517,1.1549453663771034,0.0787054487072854,0.8558784689808344
2021-11-12,1371,0,0.21890761429445746,1.139760646573614,0.0781561017687953,0.8563545059097141
2021-12-04,1393,0,0.19355896271255865,1.1418606239382403,0.0762176173143086,0.8581582922696855
2021-12-26,1415,0,0.1901690436657346,1.1316561964836542,0.07434426910141843,0.8593708435432713
2022-01-17,1437,0,0.16763985178082894,1.1035704521610843,0.07398466248281774,0.8606923645317156
2022-02-08,1459,0,0.16507719924767167,1.124942003871039,0.06786090981188715,0.8645389147137559
2022-03-02,1481,0,0.16362408660766795,1.1211607100921568,0.06510045992811739,0.8674616513111738
2022-03-24,1503,0,0.16465431156904672,1.1355890349600584,0.06505742761906352,0.8659320155490263
2022-04-15,1525,0,0.1558466325294637,1.1229044143563858,0.06542593328827508,0.8657907690833601
2022-05-07,1547,0,0.14116034019701176,1.1086857651510895,0.06511104929731226,0.8666184245294662
2022-05-29,1569,0,0.13096804454209032,1.1485051256721046,0.06634478997556692,0.8629869829105147
2022-06-20,1591,0,0.1212910883649629,1.1775844561549238,0.06898572268872516,0.8606292652531898
2022-07-12,1613,0,0.11383004451126202,1.2374216168935734,0.06912083250817525,0.8554704554801463
2022-08-03,1635,0,0.12382315721363119,1.2258785077995538,0.06766113216256213,0.8569727538398167
2022-08-25,1657,0,0.11482395265217987,1.2184103860693811,0.06511603267191882,0.8590659243477445
2022-09-16,1679,0,0.10510338625995275,1.220074555223965,0.0629426017488708,0.860975786468558
2022-10-08,1701,0,0.10373241934003144,1.2176211515393143,0.06464038323121941,0.8586417481949747
2022-10-30,1723,0,0.11051839406376884,1.1426322961484912,0.06912008692666886,0.8590041146409683
2022-11-21,1745,0,0.09923854539116059,1.2991506585938966,0.07546833136769186,0.8438630306300624
2022-12-13,1767,0,0.10934364592147477,1.30543547775095,0.08101492023628845,0.8376654837622475
2023-01-04,1789,0,0.105009318929298,1.2110877527123742,0.08542393777802465,0.8395271689147457
2023-01-26,1811,0,0.12812164729630265,1.1836033471165006,0.08646433767658705,0.8401451214181398
2023-02-17,1833,0,0.13072093729483014,1.1771879441764572,0.08599694838398707,0.8406981801108511
2023-03-11,1855,0,0.11585479328966358,1.1537283213571072,0.08462705500159579,0.8425726143969159
2023-04-02,1877,0,0.13282497636952123,1.187635339616893,0.08643478868055005,0.8386259992081249
2023-04-24,1899,0,0.13169155888689538,1.1656731318253644,0.0885722931039865,0.8377145813904894
2023-05-16,1921,0,0.12730878617496402,1.1184381233304395,0.09027515709120737,0.8388201078930005
2023-06-07,1943,0,0.1238907904486348,1.0817636714980552,0.09184263750770916,0.8397927223947469
2023-06-29,1965,0,0.13179718277638325,1.0533366600716876,0.09117828611955313,0.8415970323724127
2023-07-21,1987,0,0.12999142091537735,0.9993978914991177,0.0946319328846532,0.8419377775660275
2023-08-12,2009,0,0.12583827649368753,0.9112891705449305,0.09907273172386472,0.8442425684914192
2023-09-03,2031,0,0.11327930460056752,0.9081692373355137,0.09591154050667361,0.8465957155256438
2023-09-25,2053,0,0.11251539953219034,0.8608788036387857,0.09895822332165602,0.8469509337529
2023-10-17,2075,0,0.11804030212352419,0.8117343567563274,0.10002766644856939,0.8493527441844517
2023-11-08,2097,0,0.13209117821559466,0.8165187204727177,0.09902403042967195,0.8492838587375298
2023-11-30,2119,0,0.13593078411704748,0.810967572902212,0.09885137669168863,0.8494401524628009
2023-12-22,2141,0,0.14346777573309552,0.7992803071113339,0.09742325189310481,0.8511047036402551
2024-01-13,2163,0,0.1401666129809178,0.7935398322168427,0.0964310039592393,0.8522994792047531
2024-02-04,2185,0,0.13777976424139698,0.7806127198272762,0.09595735784522066,0.8529170834834372
2024-02-26,2207,0,0.15550958001960385,0.7629545898174658,0.09659675214186138,0.8533657671078494
2024-03-19,2229,0,0.15765832307779334,0.7878236616729678,0.09852727661181598,0.8505019318895628
2024-04-10,2251,0,0.16048446114240866,0.7979684651925826,0.09844221086087461,0.8492808887227403
2024-05-02,2273,0,0.14863301315778885,0.7952310090372082,0.09781772832497472,0.8496464212147077
2024-05-24,2295,0,0.15607940633036074,0.7875597818781068,0.0955935476774207,0.8518884074206503
2024-06-15,2317,0,0.15192373128003456,0.7760796975027104,0.09824058546029335,0.8499503735624093
2024-07-07,2339,0,0.1380982011171338,0.7607998189017948,0.09815614239999884,0.8510253778232862
2024-07-29,2361,0,0.14613274166371829,0.745291993930396,0.09707225782440794,0.8525911730287412
2024-08-20,2383,0,0.14172850867917622,0.7714630880841306,0.09872444252152236,0.849289938982685
2024-09-11,2405,0,0.13841186265983874,0.7637101193356001,0.09750657280379571,0.8505549668740802
2024-10-03,2427,0,0.14132886865405225,0.7508193277282179,0.09792367317980508,0.8507864017863901
2024-10-25,2449,0,0.14580402330305337,0.7282749357893963,0.09784097543465692,0.8522123306101557
2024-11-16,2471,0,0.1571020593182558,0.7346070826824683,0.09695474769945499,0.8526246177911669
2024-12-08,2493,0,0.16205995869206088,0.7338998868953661,0.09702981127443963,0.8519732942414885
2024-12-30,2515,0,0.15499835551614663,0.7231474179907156,0.09540995199481897,0.8538787874506193
2025-01-21,2537,0,0.15943148652686934,0.7155216385719998,0.09497533752425168,0.8545639517739652
2025-02-12,2559,0,0.1532747510548682,0.7004763306883689,0.09529197088048628,0.8550506367625095
2025-03-06,2581,0,0.14819449005522395,0.7152268934984061,0.09802265497623924,0.851880914653373
2025-03-28,2603,0,0.14565323258202806,0.7216865045528142,0.09816359195643402,0.850723262591275
2025-04-19,2625,0,0.14455011528397402,0.7293672390351975,0.09823835893164033,0.8498088241736117
2025-05-11,2647,0,0.15506266335622135,0.7225426439082501,0.09749947847478974,0.8506045946868565
2025-06-02,2669,0,0.15501966296681258,0.7000825315202205,0.09797590347678627,0.8516106108457777
2025-06-24,2691,0,0.15296857440427464,0.6802327972220928,0.09773131513773761,0.8531601676362888
2025-07-16,2713,0,0.15923375237861612,0.6503018710716778,0.09789067217172667,0.8551774463377132
2025-08-07,2735,0,0.15639705844452526,0.6125868391307153,0.09919066298947528,0.85704393406435
2025-08-29,2757,0,0.15018187511975045,0.5957642232884014,0.09819358604314753,0.8591149777361485
2025-09-20,2779,0,0.15184922492894792,0.5659445064038294,0.0999534133920687,0.8598641269751693
2025-10-12,2801,0,0.14830855491075434,0.5632484482925217,0.09898993657441385,0.8608932372536724
2025-11-03,2823,0,0.14236792421774247,0.5529398796868602,0.0984011112161089,0.8617926372689841
2025-11-25,2845,0,0.13197895658200853,0.5469717609788323,0.09682590688987239,0.8634481255651422
2025-12-17,2867,0,0.12961006651916707,0.5429338061807244,0.0964688923564679,0.8637946943616649
2026-01-08,2889,0,0.13072323453856205,0.525665385399636,0.09835141730808487,0.8634601834302608
2026-01-30,2911,0,0.12536090983244322,0.5122812123963998,0.09647379417840958,0.8660374756547923
2026-02-21,2933,0,0.12457666014762717,0.5667714909220567,0.10457276366653985,0.8549645270434297
2026-03-15,2955,0,0.12722186827170334,0.5631690288696017,0.10356506270151056,0.8558934773224917
2026-04-06,2977,0,0.12372668616330715,0.5583818931121021,0.10348314378469207,0.8560531893999472
2026-04-28,2999,0,0.12835062437886333,0.5500423775389306,0.10275937398048224,0.8571074998610401
2026-05-20,3021,0,0.12794729177334477,0.5297644747516077,0.10357026549492744,0.8579869095083633
2026-06-11,3043,0,0.11825595578052411,0.5313195308961964,0.1035671994388602,0.8578071587455115
2026-07-03,3065,0,0.11456416927728096,0.5255889005912945,0.10391365597047753,0.8576369049099826
2026-07-25,3087,0,0.11570102769617349,0.5094480296340305,0.1038915584024714,0.8588132705570318
2026-08-16,3109,0,0.11126651808568769,0.4838601865453181,0.10475084654866561,0.8602612152708436
