model,N,MSE,top10_share,top10_dates
Naive,2423,1.26267e-05,0.85011,2020-03-14 2021-05-19 2020-03-13 2021-05-20 2020-03-12 2021-01-11 2021-09-07 2021-01-12 2021-09-08 2020-03-17
EWMA,2423,9.07028e-06,0.814526,2020-03-13 2021-05-19 2020-03-12 2021-01-11 2021-09-07 2021-02-23 2021-05-21 2021-05-23 2024-08-05 2021-01-29
GARCH,2423,8.46501e-06,0.844586,2020-03-13 2021-05-19 2020-03-12 2021-01-11 2021-09-07 2021-02-23 2021-05-21 2021-05-23 2024-08-05 2021-01-29
HAR,2423,1.45816e-05,0.909621,2020-03-14 2020-03-13 2021-05-19 2020-03-12 2021-01-11 2021-09-07 2021-05-20 2021-02-23 2020-03-16 2024-08-05
MLP-QLIKE,2423,1.74637e-05,0.939087,2020-03-13 2021-05-19 2020-03-12 2021-01-11 2020-03-14 2021-09-07 2021-02-23 2020-03-16 2020-05-10 2024-08-05
Linear-QLIKE,2423,4.44492e-05,0.974071,2020-03-13 2021-05-19 2020-03-12 2021-01-11 2021-05-20 2021-09-07 2021-02-23 2020-03-14 2024-08-05 2020-05-10
HAR-log-OLS,2423,8.76613e-06,0.861303,2020-03-13 2021-05-19 2020-03-12 2020-03-14 2021-01-11 2021-09-07 2021-02-23 2020-03-17 2024-08-05 2021-01-29
HAR-log-QLIKE,2423,8.71154e-06,0.860003,2020-03-13 2021-05-19 2020-03-12 2020-03-14 2021-01-11 2021-09-07 2021-02-23 2021-01-29 2024-08-05 2020-05-10
Linear-QLIKE-GLM,2423,3.10733e-05,0.960432,2020-03-13 2021-05-19 2020-03-12 2021-05-20 2021-01-11 2021-09-07 2020-03-14 2021-02-23 2020-03-17 2020-05-10
Linear-QLIKE-GLM-22,2423,0.000122135,0.989929,2020-03-13 2021-05-19 2020-03-12 2021-05-20 2021-01-11 2021-09-07 2020-03-14 2021-02-23 2020-05-10 2024-08-05
