model,max_ratio,max_ratio_date,ratio_2020-03-13,ratio_2020-03-14,ratio_2020-03-15,ratio_2020-03-16,ratio_2020-03-17,ratio_2020-03-18,ratio_2020-03-19,ratio_2020-03-20
Naive,20.68,2023-07-01,0.4435,14.61,0.8232,0.4475,3.208,1.03,1.033,0.5165
EWMA,19.57,2025-03-22,0.1464,2.189,1.731,0.732,2.246,2.204,2.143,1.132
GARCH,81.61,2023-08-12,0.1711,2.296,1.622,0.6115,1.689,1.495,1.302,0.6747
HAR,64.19,2023-08-12,0.2153,17.7,0.1363,0.3102,2.609,1.272,1.159,0.595
MLP-QLIKE,14.08,2023-08-12,2.587,4.178,1.328,0.4104,2.138,1.661,1.125,0.807
Linear-QLIKE,17.47,2023-08-12,3.804,3.003,1.142,0.5281,2.521,1.842,0.7782,0.975
HAR-log-OLS,17.18,2023-08-12,0.1374,5.001,1.296,0.6435,3.098,1.785,1.282,0.6492
HAR-log-QLIKE,24.8,2023-08-12,0.1233,4.111,1.245,0.6039,2.742,1.608,0.95,0.4766
Linear-QLIKE-GLM,15.89,2023-08-12,3.271,3.375,1.346,0.6195,2.984,2.163,1.025,0.9177
Linear-QLIKE-GLM-22,16.54,2023-08-12,5.819,3.341,1.357,0.5629,2.756,2.066,0.7499,1.118
HAR-log-QLIKE+dow,14.53,2023-08-12,0.1246,2.748,1.062,0.7015,3.388,1.933,1.21,0.5075
HAR-log-QLIKE+ret,26.92,2023-08-12,2.963,4.505,1.543,0.5307,2.543,1.745,0.7299,0.8068
